{"cameraMode":{"drawMode":0,"name":"Shaded","section":"Shading Mode"},"sceneLighting":false,"audioPlay":false,"sceneViewState":{"m_AlwaysRefresh":false,"showFog":true,"showSkybox":false,"showFlares":true,"showImageEffects":true,"showParticleSystems":true,"showVisualEffectGraphs":true,"m_FxEnabled":true},"in2DMode":false,"pivot":{"x":-0.3124721646308899,"y":1.011948823928833,"z":0.5612534284591675},"rotation":{"x":0.00030438354588113725,"y":-0.9957287907600403,"z":0.09226658195257187,"w":0.0032820317428559067},"size":1.147761583328247,"orthographic":true}