{"cameraMode":{"drawMode":0,"name":"Shaded","section":"Shading Mode"},"sceneLighting":false,"audioPlay":false,"sceneViewState":{"m_AlwaysRefresh":false,"showFog":true,"showSkybox":false,"showFlares":true,"showImageEffects":true,"showParticleSystems":true,"showVisualEffectGraphs":true,"m_FxEnabled":true},"in2DMode":false,"pivot":{"x":-2.980232238769531e-7,"y":0.7994250059127808,"z":-0.015208229422569275},"rotation":{"x":0.5174148082733154,"y":-0.0615011528134346,"z":0.03731834515929222,"w":0.8527059555053711},"size":1.1238001585006714,"orthographic":true}